Name,Jersey Number,Club,Position,Nationality,Age,Appearances,Wins,Losses,Goals,Goals per match,Headed goals,Goals with right foot,Goals with left foot,Penalties scored,Freekicks scored,Shots,Shots on target,Shooting accuracy,Hit woodwork,Big chances missed,Big chances missed per match,Clean sheets,Goals conceded,Goals conceded per match,Tackles,Tackle success %,Last man tackles,Blocked shots,Interceptions,Clearances,Headed Clearance,Clearances off line,Recoveries,Duels won,Duels lost,Successful 50/50s 1v1,Successful 50/50s per match,Aerial battles won,Aerial battles lost,Own goals,Errors leading to goal,Assists,Assists per match,Passes,Passes per match,Big chances created,Big chances created per match,Crosses,Cross accuracy %,Through balls,Accurate long balls,Accurate long balls per match,Saves,Saves per match,Penalties saved,Penalties saved per match,Punches,High Claims,Catches,Sweeper clearances,Throw outs,Goal Kicks,Yellow cards,Red cards,Fouls,Offsides
Héctor Bellerín,2,Arsenal,Defender,Spain,25,160,90,37,7,0,0,4,3,0,0,0,0,0,3,0,0,53,166,1.04,214,78%,1,32,208,304,143,3,732,611,709,196,1.23,161,215,1,1,18,0.11,7125,44.53,28,0.18,389,16%,31,144,0.9,0,0,0,0,0,0,0,0,0,0,23,0,125,8
Kieran Tierney,3,Arsenal,Defender,Scotland,23,16,7,5,1,0,0,0,1,0,0,0,0,0,0,0,0,2,16,1,21,81%,0,1,12,32,12,0,63,55,38,12,0.75,10,16,0,0,1,0.06,519,32.44,1,0.06,45,18%,0,22,1.38,0,0,0,0,0,0,0,0,0,0,2,0,9,0
William Saliba,4,Arsenal,Defender,France,19,0,0,0,0,0,0,0,0,0,0,0,0,0,0,0,0,0,0,0,0,0%,0,0,0,0,0,0,0,0,0,0,0,0,0,0,0,0,0,0,0,0,0,0,0%,0,0,0,0,0,0,0,0,0,0,0,0,0,0,0,0,0
Sokratis,5,Arsenal,Defender,Greece,32,44,21,11,3,0,1,2,0,0,0,0,0,0,1,0,0,9,58,1.32,67,61%,1,4,43,175,82,1,173,227,160,11,0.25,115,73,0,1,2,0.05,2416,54.91,4,0.09,1,1%,2,172,3.91,0,0,0,0,0,0,0,0,0,0,18,0,56,1
Rob Holding,16,Arsenal,Defender,England,25,41,25,9,0,0,0,0,0,0,0,0,0,0,0,0,0,10,45,1.1,50,70%,1,3,54,170,92,0,192,176,142,19,0.46,96,64,0,0,0,0,2200,53.66,0,0,3,67%,1,116,2.83,0,0,0,0,0,0,0,0,0,0,8,0,32,0
Shkodran Mustafi,20,Arsenal,Defender,Germany,28,99,52,26,7,0,6,1,0,0,0,0,0,0,2,0,0,26,117,1.18,197,73%,2,14,195,531,345,2,455,670,416,26,0.26,413,218,0,3,4,0.04,5907,59.67,5,0.05,45,20%,13,273,2.76,0,0,0,0,0,0,0,0,0,0,28,0,117,7
Calum Chambers,21,Arsenal,Defender,England,25,139,47,57,6,0,1,4,1,0,0,0,0,0,1,0,0,28,170,1.22,257,70%,1,22,247,537,301,1,735,703,619,93,0.67,301,240,1,1,3,0.02,5935,42.7,9,0.06,210,18%,4,304,2.19,0,0,0,0,0,0,0,0,0,0,28,1,137,2
David Luiz,23,Arsenal,Defender,Brazil,33,194,113,38,13,0,6,6,1,0,0,0,0,0,5,0,0,64,173,0.89,240,74%,4,59,344,832,443,2,1042,846,680,80,0.41,344,256,1,4,7,0.04,10165,52.4,22,0.11,67,28%,79,980,5.05,0,0,0,0,0,0,0,0,0,0,40,3,212,5
Sead Kolasinac,31,Arsenal,Defender,Bosnia And Herzegovina,27,78,40,22,2,0,0,0,2,0,0,0,0,0,1,0,0,17,86,1.1,112,66%,0,11,72,111,68,0,365,284,264,41,0.53,97,80,0,1,11,0.14,3201,41.04,18,0.23,123,20%,3,67,0.86,0,0,0,0,0,0,0,0,0,0,12,0,74,16
Gabriel Magalhães,6,Arsenal,Defender,Brazil,22,2,2,0,1,0,0,0,0,0,0,0,0,0,0,0,0,1,1,0.5,2,2%,0,0,2,8,7,1,6,8,7,0,0,4,3,0,0,0,0,197,98.5,0,0,0,0%,0,6,3,0,0,0,0,0,0,0,0,0,0,0,0,3,0
Neil Taylor,3,Aston-Villa,Defender,Wales,31,145,48,62,0,0,0,0,0,0,0,0,0,0,0,0,0,38,190,1.31,266,76%,1,14,241,350,133,1,614,493,454,46,0.32,94,142,1,0,5,0.03,5491,37.87,6,0.04,255,22%,5,214,1.48,0,0,0,0,0,0,0,0,0,0,21,0,121,3
Ezri Konsa Ngoyo,4,Aston-Villa,Defender,England,22,26,8,12,2,0,1,1,0,0,0,0,0,0,0,0,0,5,39,1.5,19,53%,0,3,27,70,26,0,106,116,81,7,0.27,56,48,0,1,2,0.08,810,31.15,2,0.08,13,46%,0,36,1.38,0,0,0,0,0,0,0,0,0,0,3,0,17,1
Matt Targett,18,Aston-Villa,Defender,England,25,72,24,28,2,0,1,0,1,0,0,0,0,0,1,0,0,12,88,1.22,122,66%,0,8,124,156,61,1,297,274,239,21,0.29,84,84,0,1,6,0.08,2240,31.11,13,0.18,250,26%,8,140,1.94,0,0,0,0,0,0,0,0,0,0,8,0,41,2
Björn Engels,22,Aston-Villa,Defender,Belgium,26,17,3,12,1,0,1,0,0,0,0,0,0,0,0,0,0,2,32,1.88,11,55%,0,0,28,85,42,0,53,71,39,1,0.06,55,27,0,1,0,0,647,38.06,0,0,2,50%,0,49,2.88,0,0,0,0,0,0,0,0,0,0,1,0,5,1
Frédéric Guilbert,24,Aston-Villa,Defender,France,25,25,7,13,0,0,0,0,0,0,0,0,0,0,0,0,0,2,36,1.44,74,58%,0,2,49,62,26,0,104,164,172,23,0.92,48,68,0,0,2,0.08,749,29.96,1,0.04,91,16%,0,40,1.6,0,0,0,0,0,0,0,0,0,0,7,0,36,2
Ahmed El Mohamady,27,Aston-Villa,Defender,Egypt,33,183,48,91,6,0,4,2,0,0,0,0,0,0,4,0,0,28,237,1.3,267,77%,0,19,246,342,162,5,909,960,866,128,0.7,444,410,1,1,13,0.07,6628,36.22,19,0.1,916,21%,7,304,1.66,0,0,0,0,0,0,0,0,0,0,12,1,152,13
Kortney Hause,30,Aston-Villa,Defender,England,25,18,3,11,1,0.06,0,1,0,0,0,20,3,15%,0,3,0.17,0,0,0,21,43%,0,2,20,94,51,0,109,138,77,9,0.5,100,35,0,1,0,0,799,44.39,1,0.06,0,0%,1,62,3.44,0,0,0,0,0,0,0,0,0,0,3,0,24,1
Tyrone Mings,5,Aston-Villa,Defender,England,27,51,13,27,2,0,0,0,2,0,0,0,0,0,0,0,0,7,78,1.53,30,83%,1,1,49,253,111,3,270,162,113,18,0.35,96,69,2,2,3,0.06,1961,38.45,2,0.04,10,40%,0,155,3.04,0,0,0,0,0,0,0,0,0,0,8,0,30,2
Matthew Cash,2,Aston-Villa,Defender,England,23,1,1,0,0,0,0,0,0,0,0,0,0,0,0,0,0,1,0,0,1,1%,0,2,2,4,1,0,5,1,2,0,0,0,2,0,0,0,0,56,56,0,0,6,33%,0,3,3,0,0,0,0,0,0,0,0,0,0,1,0,0,0
Ben White,3,Brighton-and-Hove-Albion,Defender,England,22,2,1,1,0,0,0,0,0,0,0,0,0,0,0,0,0,1,3,1.5,2,100%,0,0,2,2,1,0,5,8,5,1,0.5,4,3,0,0,0,0,101,50.5,0,0,1,1%,0,4,2,0,0,0,0,0,0,0,0,0,0,0,0,2,0
Tariq Lamptey,2,Brighton-and-Hove-Albion,Defender,England,19,11,4,4,0,0,0,0,0,0,0,0,0,0,0,0,0,1,11,1,12,83%,0,2,23,16,8,0,41,57,51,17,1.55,5,10,0,0,2,0.18,243,22.09,4,0.36,27,15%,0,3,0.27,0,0,0,0,0,0,0,0,0,0,3,0,16,0
Lewis Dunk,5,Brighton-and-Hove-Albion,Defender,England,28,112,28,49,6,0,3,3,0,0,0,0,0,0,1,0,0,27,162,1.45,151,56%,4,16,173,547,304,4,725,560,362,15,0.13,345,192,4,2,5,0.04,5364,47.89,3,0.03,10,20%,6,506,4.52,0,0,0,0,0,0,0,0,0,0,21,1,80,1
Adam Webster,4,Brighton-and-Hove-Albion,Defender,England,25,33,8,13,3,0,2,1,0,0,0,0,0,0,0,0,0,6,47,1.42,33,55%,0,3,48,112,55,0,184,179,108,14,0.42,114,68,1,1,1,0.03,2001,60.64,2,0.06,6,33%,1,120,3.64,0,0,0,0,0,0,0,0,0,0,4,0,14,0
Bernardo,30,Brighton-and-Hove-Albion,Defender,Brazil,25,36,9,16,0,0,0,0,0,0,0,0,0,0,0,0,0,2,46,1.28,89,66%,0,5,40,86,49,1,169,212,109,22,0.61,75,38,0,0,1,0.03,1115,30.97,3,0.08,48,19%,0,35,0.97,0,0,0,0,0,0,0,0,0,0,5,0,20,6
Dan Burn,33,Brighton-and-Hove-Albion,Defender,England,28,44,11,19,0,0,0,0,0,0,0,0,0,0,1,0,0,9,60,1.36,73,64%,0,5,51,203,129,1,175,270,191,19,0.43,165,68,0,0,0,0,1792,40.73,2,0.05,51,20%,3,62,1.41,0,0,0,0,0,0,0,0,0,0,5,0,38,3
Joel Veltman,34,Brighton-and-Hove-Albion,Defender,Netherlands,28,0,0,0,0,0,0,0,0,0,0,0,0,0,0,0,#DIV/0!,0,0,0,0,0%,0,0,0,0,0,0,0,0,0,0,0,0,0,0,0,0,0,0,0,0,0,0,0%,0,0,0,0,0,0,0,0,0,0,0,0,0,0,0,0,0
Romaric Yapi,52,Brighton-and-Hove-Albion,Defender,France,20,0,0,0,0,0,0,0,0,0,0,0,0,0,0,0,#DIV/0!,0,0,0,0,0%,0,0,0,0,0,0,0,0,0,0,0,0,0,0,0,0,0,0,0,0,0,0,0%,0,0,0,0,0,0,0,0,0,0,0,0,0,0,0,0,0
Alex Cochrane,50,Brighton-and-Hove-Albion,Defender,England,20,0,0,0,0,0,0,0,0,0,0,0,0,0,0,0,#DIV/0!,0,0,0,0,0%,0,0,0,0,0,0,0,0,0,0,0,0,0,0,0,0,0,0,0,0,0,0,0%,0,0,0,0,0,0,0,0,0,0,0,0,0,0,0,0,0
Haydon Roberts,58,Brighton-and-Hove-Albion,Defender,England,18,0,0,0,0,0,0,0,0,0,0,0,0,0,0,0,#DIV/0!,0,0,0,0,0%,0,0,0,0,0,0,0,0,0,0,0,0,0,0,0,0,0,0,0,0,0,0,0%,0,0,0,0,0,0,0,0,0,0,0,0,0,0,0,0,0
Matthew Lowton,2,Burnley,Defender,England,31,172,49,83,2,0,0,1,1,0,0,0,0,0,0,0,0,36,266,1.55,415,66%,1,6,317,697,296,6,732,796,601,95,0.55,198,147,0,2,12,0.07,5463,31.76,18,0.1,428,19%,19,466,2.71,0,0,0,0,0,0,0,0,0,0,35,0,144,1
Charlie Taylor,3,Burnley,Defender,England,27,74,23,33,0,0,0,0,0,0,0,0,0,0,0,0,0,19,98,1.32,111,50%,2,1,86,186,105,2,377,411,285,68,0.92,144,104,0,1,2,0.03,2249,30.39,3,0.04,238,21%,0,134,1.81,0,0,0,0,0,0,0,0,0,0,8,0,39,3
James Tarkowski,5,Burnley,Defender,England,27,123,48,50,5,0,1,1,2,0,0,0,0,0,1,0,0,34,154,1.25,202,59%,1,13,166,691,412,3,472,861,442,34,0.28,540,233,0,1,3,0.02,3839,31.21,7,0.06,15,20%,0,355,2.89,0,0,0,0,0,0,0,0,0,0,24,0,119,12
Ben Mee,6,Burnley,Defender,England,31,166,49,77,4,0,3,1,0,0,0,0,0,0,4,0,0,47,233,1.4,240,60%,5,13,260,1082,652,9,911,986,624,35,0.21,609,399,4,5,4,0.02,6088,36.67,7,0.04,70,16%,1,634,3.82,0,0,0,0,0,0,0,0,0,0,36,0,118,6
Erik Pieters,23,Burnley,Defender,Netherlands,32,194,61,79,1,0,0,0,1,0,0,0,0,0,0,0,0,44,259,1.34,538,73%,2,11,354,620,312,2,899,1142,892,63,0.32,324,230,1,4,11,0.06,6880,35.46,17,0.09,455,18%,5,308,1.59,0,0,0,0,0,0,0,0,0,0,34,0,300,5
Phil Bardsley,26,Burnley,Defender,Scotland,35,300,100,130,7,0,0,6,1,0,0,0,0,0,2,0,0,67,362,1.21,728,78%,8,56,423,1081,382,10,1154,1395,990,104,0.35,302,284,4,3,5,0.02,9247,30.82,17,0.06,660,20%,19,584,1.95,0,0,0,0,0,0,0,0,0,0,78,2,327,5
Kevin Long,28,Burnley,Defender,Ireland,30,35,8,14,1,0,1,0,0,0,0,0,0,0,1,0,0,7,46,1.31,63,68%,0,6,34,214,119,0,130,236,160,3,0.09,139,105,1,1,3,0.09,1038,29.66,4,0.11,2,2%,0,104,2.97,0,0,0,0,0,0,0,0,0,0,1,0,28,1
Jimmy Dunne,34,Burnley,Defender,Ireland,22,1,0,1,1,0,1,0,0,0,0,0,0,0,0,0,0,0,4,4,0,0%,0,0,2,8,4,0,3,9,2,0,0,7,0,0,0,0,0,25,25,0,0,0,0%,0,2,2,0,0,0,0,0,0,0,0,0,0,0,0,1,0
Bobby Thomas,37,Burnley,Defender,England,19,0,0,0,0,0,0,0,0,0,0,0,0,0,0,0,#DIV/0!,0,0,0,0,0%,0,0,0,0,0,0,0,0,0,0,0,0,0,0,0,0,0,0,0,0,0,0,0%,0,0,0,0,0,0,0,0,0,0,0,0,0,0,0,0,0
Anthony Driscoll-Glennon,45,Burnley,Defender,England,20,0,0,0,0,0,0,0,0,0,0,0,0,0,0,0,#DIV/0!,0,0,0,0,0%,0,0,0,0,0,0,0,0,0,0,0,0,0,0,0,0,0,0,0,0,0,0,0%,0,0,0,0,0,0,0,0,0,0,0,0,0,0,0,0,0
Antonio Rüdiger,2,Chelsea,Defender,Germany,27,80,45,21,5,0,5,0,0,0,0,0,0,0,1,0,0,28,81,1.01,93,59%,0,15,72,252,139,2,522,341,289,15,0.19,199,153,1,1,1,0.01,5738,71.72,5,0.06,18,6%,14,364,4.55,0,0,0,0,0,0,0,0,0,0,14,0,73,3
Marcos Alonso,3,Chelsea,Defender,Spain,29,140,87,32,20,0,4,2,14,0,0,0,0,0,11,0,0,52,132,0.94,288,68%,0,63,215,369,184,1,831,800,639,90,0.64,286,213,0,1,12,0.09,6434,45.96,17,0.12,428,19%,8,214,1.53,0,0,0,0,0,0,0,0,0,0,25,1,125,16
Andreas Christensen,4,Chelsea,Defender,Denmark,24,59,29,18,0,0,0,0,0,0,0,0,0,0,2,0,0,12,64,1.08,76,51%,0,3,74,193,107,1,300,254,143,10,0.17,145,97,0,1,0,0,3213,54.46,2,0.03,0,0%,3,131,2.22,0,0,0,0,0,0,0,0,0,0,6,1,35,1
Kurt Zouma,15,Chelsea,Defender,France,25,143,60,49,5,0,4,1,0,0,0,0,0,0,2,0,0,35,164,1.15,160,69%,5,13,225,653,352,1,574,681,328,50,0.35,413,163,1,2,4,0.03,5767,40.33,2,0.01,20,10%,0,396,2.77,0,0,0,0,0,0,0,0,0,0,10,1,87,6
Reece James,24,Chelsea,Defender,England,20,26,15,8,1,0,0,1,0,0,0,0,0,0,1,0,0,4,26,1,43,67%,0,6,26,27,13,0,108,137,121,31,1.19,42,44,0,0,3,0.12,1104,42.46,6,0.23,120,24%,0,45,1.73,0,0,0,0,0,0,0,0,0,0,1,0,24,1
César Azpilicueta,28,Chelsea,Defender,Spain,31,272,158,56,8,0,2,6,0,0,0,0,0,0,1,0,0,95,276,1.01,722,73%,2,29,475,788,416,5,1376,1400,977,69,0.25,475,375,3,0,31,0.11,15647,57.53,32,0.12,577,22%,25,633,2.33,0,0,0,0,0,0,0,0,0,0,23,1,240,10
Fikayo Tomori,14,Chelsea,Defender,England,22,17,9,5,1,0,0,1,0,0,0,0,0,0,0,0,0,4,21,1.24,32,53%,1,1,24,53,26,0,102,81,49,9,0.53,34,29,0,0,0,0,1193,70.18,0,0,4,25%,3,43,2.53,0,0,0,0,0,0,0,0,0,0,3,0,8,1
Emerson,33,Chelsea,Defender,Italy,26,30,11,14,0,0,0,0,0,0,0,0,0,0,1,0,0,4,36,1.2,43,58%,0,6,28,31,17,0,104,122,74,27,0.9,25,21,0,0,1,0.03,1285,42.83,3,0.1,97,19%,2,32,1.07,0,0,0,0,0,0,0,0,0,0,3,0,15,2
Ben Chilwell,21,Chelsea,Defender,England,23,99,40,36,4,0,0,1,3,0,0,0,0,0,1,0,0,24,117,1.18,157,63%,1,10,117,261,148,1,529,637,542,111,1.12,261,189,0,1,9,0.09,4540,45.86,12,0.12,337,18%,8,137,1.38,0,0,0,0,0,0,0,0,0,0,10,1,81,8
Thiago Silva,6,Chelsea,Defender,Brazil,36,0,0,0,0,0,0,0,0,0,0,0,0,0,0,0,#DIV/0!,0,0,0,0,0%,0,0,0,0,0,0,0,0,0,0,0,0,0,0,0,0,0,0,0,0,0,0,0%,0,0,0,0,0,0,0,0,0,0,0,0,0,0,0,0,0
Juan Castillo,0,Chelsea,Defender,Netherlands,20,0,0,0,0,0,0,0,0,0,0,0,0,0,0,0,#DIV/0!,0,0,0,0,0%,0,0,0,0,0,0,0,0,0,0,0,0,0,0,0,0,0,0,0,0,0,0,0%,0,0,0,0,0,0,0,0,0,0,0,0,0,0,0,0,0
Nathan Ferguson,0,Crystal-Palace,Defender,England,19,0,0,0,0,0,0,0,0,0,0,0,0,0,0,0,#DIV/0!,0,0,0,0,0%,0,0,0,0,0,0,0,0,0,0,0,0,0,0,0,0,0,0,0,0,0,0,0%,0,0,0,0,0,0,0,0,0,0,0,0,0,0,0,0,0
Joel Ward,2,Crystal-Palace,Defender,England,30,201,66,95,4,0,2,1,1,0,0,0,0,0,2,0,0,45,274,1.36,483,80%,1,25,368,796,450,4,1013,1218,812,102,0.51,406,246,1,2,5,0.02,6449,32.08,9,0.04,407,18%,3,356,1.77,0,0,0,0,0,0,0,0,0,0,28,0,202,4
Patrick van Aanholt,3,Crystal-Palace,Defender,Netherlands,30,191,57,92,20,0,0,4,16,0,0,0,0,0,5,0,0,40,277,1.45,350,69%,3,51,326,439,170,5,1126,680,566,184,0.96,69,88,2,2,14,0.07,6833,35.77,25,0.13,388,26%,14,290,1.52,0,0,0,0,0,0,0,0,0,0,19,0,94,27
James Tomkins,5,Crystal-Palace,Defender,England,31,263,84,116,12,0,7,3,2,0,0,0,0,0,6,0,0,58,338,1.29,447,70%,17,26,443,2029,929,4,989,1442,817,25,0.1,823,473,0,7,7,0.03,8210,31.22,8,0.03,51,33%,4,752,2.86,0,0,0,0,0,0,0,0,0,0,46,2,167,7
Scott Dann,6,Crystal-Palace,Defender,England,33,227,74,95,15,0,9,4,2,0,0,0,0,0,6,0,0,48,307,1.35,291,59%,5,29,343,1536,661,6,785,1016,698,46,0.2,612,441,5,5,11,0.05,6399,28.19,11,0.05,24,29%,4,665,2.93,0,0,0,0,0,0,0,0,0,0,34,0,145,10
Mamadou Sakho,12,Crystal-Palace,Defender,France,30,125,52,43,3,0,1,1,1,0,0,0,0,0,3,0,0,32,162,1.3,144,72%,5,4,200,697,440,3,847,534,348,49,0.39,298,223,0,3,2,0.02,5917,47.34,2,0.02,6,33%,2,280,2.24,0,0,0,0,0,0,0,0,0,0,6,1,39,1
Gary Cahill,24,Crystal-Palace,Defender,England,34,374,166,126,27,0,9,13,4,0,0,0,0,0,5,0,0,99,452,1.21,471,75%,18,63,452,2849,1155,10,1441,1946,1036,70,0.19,1157,562,2,8,10,0.03,12718,34.01,8,0.02,23,17%,6,847,2.26,0,0,0,0,0,0,0,0,0,0,38,3,266,3
Martin Kelly,34,Crystal-Palace,Defender,England,30,153,55,62,0,0,0,0,0,0,0,0,0,0,2,0,0,29,180,1.18,335,75%,1,8,153,641,312,1,509,646,518,32,0.21,240,192,2,6,5,0.03,3820,24.97,2,0.01,210,17%,2,202,1.32,0,0,0,0,0,0,0,0,0,0,14,0,117,1
Tyrick Mitchell,27,Crystal-Palace,Defender,England,21,6,2,3,0,0,0,0,0,0,0,0,0,0,0,0,0,1,5,0.83,15,53%,0,0,3,5,0,0,17,19,26,1,0.17,0,9,0,0,0,0,132,22,0,0,5,60%,0,6,1,0,0,0,0,0,0,0,0,0,0,1,0,2,0
Jaroslaw Jach,33,Crystal-Palace,Defender,Poland,26,0,0,0,0,0,0,0,0,0,0,0,0,0,0,0,#DIV/0!,0,0,0,0,0%,0,0,0,0,0,0,0,0,0,0,0,0,0,0,0,0,0,0,0,0,0,0,0%,0,0,0,0,0,0,0,0,0,0,0,0,0,0,0,0,0
Sam Woods,35,Crystal-Palace,Defender,England,22,0,0,0,0,0,0,0,0,0,0,0,0,0,0,0,#DIV/0!,0,0,0,0,0%,0,0,0,0,0,0,0,0,0,0,0,0,0,0,0,0,0,0,0,0,0,0,0%,0,0,0,0,0,0,0,0,0,0,0,0,0,0,0,0,0
Ryan Inniss,45,Crystal-Palace,Defender,England,25,0,0,0,0,0,0,0,0,0,0,0,0,0,0,0,#DIV/0!,0,0,0,0,0%,0,0,0,0,0,0,0,0,0,0,0,0,0,0,0,0,0,0,0,0,0,0,0%,0,0,0,0,0,0,0,0,0,0,0,0,0,0,0,0,0
Mason Holgate,4,Everton,Defender,England,23,65,28,16,0,0,0,0,0,0,0,0,0,0,1,0,0,14,75,1.15,113,68%,0,3,81,274,140,1,285,319,227,27,0.42,124,120,0,1,4,0.06,2429,37.37,7,0.11,62,16%,2,218,3.35,0,0,0,0,0,0,0,0,0,0,11,0,43,3
Michael Keane,5,Everton,Defender,England,27,153,53,64,6,0,3,2,1,0,0,0,0,0,3,0,0,40,205,1.34,157,68%,2,17,249,978,652,2,656,899,574,22,0.14,685,417,1,1,5,0.03,6162,40.27,7,0.05,11,27%,3,479,3.13,0,0,0,0,0,0,0,0,0,0,13,0,82,5
Lucas Digne,12,Everton,Defender,France,27,72,28,27,4,0,0,0,4,0,0,0,0,0,5,0,0,20,89,1.24,150,64%,1,29,104,195,100,0,369,452,314,37,0.51,209,102,2,0,12,0.17,2961,41.12,21,0.29,570,28%,2,130,1.81,0,0,0,0,0,0,0,0,0,0,11,1,83,5
Yerry Mina,13,Everton,Defender,Colombia,26,44,17,16,3,0,2,1,0,0,0,0,0,0,0,0,0,8,52,1.18,54,56%,0,7,41,156,93,0,181,229,142,6,0.14,153,99,1,1,1,0.02,2052,46.64,2,0.05,4,4%,1,149,3.39,0,0,0,0,0,0,0,0,0,0,6,0,33,3
Séamus Coleman,23,Everton,Defender,Ireland,31,276,114,79,20,0,7,8,6,0,0,0,0,0,6,0,0,78,277,1,480,79%,8,48,296,542,284,1,1272,1308,1157,364,1.32,195,221,4,3,21,0.08,8930,32.36,36,0.13,742,20%,12,342,1.24,0,0,0,0,0,0,0,0,0,0,29,2,194,29
Jarrad Branthwaite,32,Everton,Defender,England,18,4,1,2,0,0,0,0,0,0,0,0,0,0,0,0,0,1,6,1.5,8,88%,0,0,2,11,7,0,18,20,21,1,0.25,9,15,0,0,0,0,223,55.75,0,0,0,0%,0,13,3.25,0,0,0,0,0,0,0,0,0,0,0,0,4,0
Jonjoe Kenny,2,Everton,Defender,England,23,31,11,15,0,0,0,0,0,0,0,0,0,0,1,0,0,6,46,1.48,64,78%,0,2,46,107,56,0,138,142,122,11,0.35,62,43,0,0,2,0.06,1045,33.71,3,0.1,67,24%,0,68,2.19,0,0,0,0,0,0,0,0,0,0,3,0,28,0
Niels Nkounkou,18,Everton,Defender,France,19,0,0,0,0,0,0,0,0,0,0,0,0,0,0,0,#DIV/0!,0,0,0,0,0%,0,0,0,0,0,0,0,0,0,0,0,0,0,0,0,0,0,0,0,0,0,0,0%,0,0,0,0,0,0,0,0,0,0,0,0,0,0,0,0,0
Michael Hector,3,Fulham,Defender,Jamaica,28,2,0,2,0,0,0,0,0,0,0,0,0,0,0,0,0,0,7,3.5,3,67%,0,1,0,4,2,1,13,10,7,2,1,3,1,0,0,0,0,127,63.5,0,0,0,0%,0,12,6,0,0,0,0,0,0,0,0,0,0,1,0,3,0
Denis Odoi,4,Fulham,Defender,Belgium,32,33,7,21,0,0,0,0,0,0,0,0,0,0,0,0,0,3,69,2.09,49,71%,0,1,45,147,61,0,200,156,120,16,0.48,57,55,1,0,1,0.03,1434,43.45,1,0.03,16,25%,2,72,2.18,0,0,0,0,0,0,0,0,0,0,4,0,39,1
Tim Ream,13,Fulham,Defender,United States,32,40,9,24,0,0,0,0,0,0,0,0,0,0,0,0,0,5,78,1.95,42,57%,0,0,65,197,67,1,178,126,114,7,0.18,66,67,0,1,1,0.03,1517,37.92,1,0.03,3,33%,0,73,1.83,0,0,0,0,0,0,0,0,0,0,2,0,16,0
Maxime Le Marchand,20,Fulham,Defender,France,30,26,7,17,0,0,0,0,0,0,0,0,0,0,0,0,0,3,53,2.04,56,64%,0,3,54,122,48,0,164,129,106,10,0.38,56,45,0,1,1,0.04,1386,53.31,1,0.04,17,24%,1,91,3.5,0,0,0,0,0,0,0,0,0,0,5,0,28,3
Joe Bryan,23,Fulham,Defender,England,27,30,6,21,0,0,0,0,0,0,0,0,0,0,0,0,0,5,60,2,66,67%,0,7,37,74,35,0,135,147,115,18,0.6,32,37,0,1,1,0.03,1036,34.53,8,0.27,121,18%,1,54,1.8,0,0,0,0,0,0,0,0,0,0,5,0,27,2
Antonee Robinson,33,Fulham,Defender,United States,23,0,0,0,0,0,0,0,0,0,0,0,0,0,0,0,#DIV/0!,0,0,0,0,0%,0,0,0,0,0,0,0,0,0,0,0,0,0,0,0,0,0,0,0,0,0,0,0%,0,0,0,0,0,0,0,0,0,0,0,0,0,0,0,0,0
Kenny Tete,2,Fulham,Defender,Netherlands,24,1,0,1,0,0,0,0,0,0,0,0,0,0,0,0,0,0,4,4,3,67%,0,0,4,3,2,0,4,6,5,0,0,3,0,0,0,1,1,27,27,1,1,6,50%,0,0,0,0,0,0,0,0,0,0,0,0,0,1,0,3,0
Ola Aina,34,Fulham,Defender,Nigeria,23,3,3,0,0,0,0,0,0,0,0,0,0,0,0,0,0,0,0,0,0,0%,0,0,0,1,0,0,2,1,0,0,0,0,0,0,0,0,0,16,5.33,0,0,0,0%,0,0,0,0,0,0,0,0,0,0,0,0,0,0,0,0,0
Luke Ayling,2,Leeds-United,Defender,England,29,2,1,1,0,0,0,0,0,0,0,0,0,0,0,0,0,0,7,3.5,10,60%,0,0,0,4,2,0,9,17,10,5,2.5,1,2,0,0,0,0,108,54,0,0,3,3%,1,9,4.5,0,0,0,0,0,0,0,0,0,0,0,0,1,0
Barry Douglas,3,Leeds-United,Defender,Scotland,31,0,0,0,0,0,0,0,0,0,0,0,0,0,0,0,#DIV/0!,0,0,0,0,0%,0,0,0,0,0,0,0,0,0,0,0,0,0,0,0,0,0,0,0,0,0,0,0%,0,0,0,0,0,0,0,0,0,0,0,0,0,0,0,0,0
Liam Cooper,6,Leeds-United,Defender,Scotland,29,3,1,2,0,0,0,0,0,0,0,0,0,0,0,0,0,0,10,3.33,3,100%,0,0,6,23,4,0,9,14,6,2,0.67,7,5,0,0,0,0,70,23.33,0,0,0,0%,0,8,2.67,0,0,0,0,0,0,0,0,0,0,0,0,1,0
Pascal Struijk,21,Leeds-United,Defender,Netherlands,21,1,0,1,0,0,0,0,0,0,0,0,0,0,0,0,0,0,4,4,4,25%,0,0,3,11,4,0,4,5,0,0,0,1,0,0,0,0,0,59,59,0,0,0,0%,0,8,8,0,0,0,0,0,0,0,0,0,0,0,0,0,0
Leif Davis,24,Leeds-United,Defender,England,20,0,0,0,0,0,0,0,0,0,0,0,0,0,0,0,#DIV/0!,0,0,0,0,0%,0,0,0,0,0,0,0,0,0,0,0,0,0,0,0,0,0,0,0,0,0,0,0%,0,0,0,0,0,0,0,0,0,0,0,0,0,0,0,0,0
Robin Koch,5,Leeds-United,Defender,Germany,24,2,1,1,0,0,0,0,0,0,0,0,0,0,0,0,0,0,7,3.5,5,80%,1,1,2,5,3,0,10,17,12,0,0,10,9,0,0,0,0,107,53.5,0,0,0,0%,0,4,2,0,0,0,0,0,0,0,0,0,0,0,0,3,0
Oliver Casey,49,Leeds-United,Defender,England,19,0,0,0,0,0,0,0,0,0,0,0,0,0,0,0,#DIV/0!,0,0,0,0,0%,0,0,0,0,0,0,0,0,0,0,0,0,0,0,0,0,0,0,0,0,0,0,0%,0,0,0,0,0,0,0,0,0,0,0,0,0,0,0,0,0
Charlie Cresswell,35,Leeds-United,Defender,England,17,0,0,0,0,0,0,0,0,0,0,0,0,0,0,0,#DIV/0!,0,0,0,0,0%,0,0,0,0,0,0,0,0,0,0,0,0,0,0,0,0,0,0,0,0,0,0,0%,0,0,0,0,0,0,0,0,0,0,0,0,0,0,0,0,0
Robbie Gotts,36,Leeds-United,Defender,England,20,0,0,0,0,0,0,0,0,0,0,0,0,0,0,0,#DIV/0!,0,0,0,0,0%,0,0,0,0,0,0,0,0,0,0,0,0,0,0,0,0,0,0,0,0,0,0,0%,0,0,0,0,0,0,0,0,0,0,0,0,0,0,0,0,0
James Justin,2,Leicester-City,Defender,England,22,15,8,4,1,0,0,1,0,0,0,0,0,0,1,0,0,5,16,1.07,39,49%,0,2,15,28,17,0,75,96,90,8,0.53,24,42,1,0,1,0.07,792,52.8,1,0.07,46,17%,0,24,1.6,0,0,0,0,0,0,0,0,0,0,2,0,11,1
Caglar Söyüncü,4,Leicester-City,Defender,Turkey,24,42,20,11,1,0,1,0,0,0,0,0,0,0,0,0,0,13,39,0.93,69,65%,0,2,52,180,88,1,222,237,140,19,0.45,130,73,0,1,1,0.02,2696,64.19,1,0.02,6,17%,0,124,2.95,0,0,0,0,0,0,0,0,0,0,5,1,39,1
Wes Morgan,5,Leicester-City,Defender,Jamaica,36,168,70,60,8,0,5,1,2,0,0,0,0,0,0,0,0,41,217,1.29,200,67%,3,22,313,879,526,1,585,797,493,44,0.26,503,310,2,2,2,0.01,4435,26.4,1,0.01,6,33%,2,220,1.31,0,0,0,0,0,0,0,0,0,0,12,3,129,5
Jonny Evans,6,Leicester-City,Defender,Northern Ireland,32,297,145,86,11,0,7,4,0,0,0,0,0,0,2,0,0,82,297,1,457,72%,3,22,585,1843,777,4,1587,1417,825,86,0.29,641,399,5,5,9,0.03,13240,44.58,5,0.02,59,34%,9,1004,3.38,0,0,0,0,0,0,0,0,0,0,44,3,239,3
Filip Benkovic,16,Leicester-City,Defender,Croatia,23,0,0,0,0,0,0,0,0,0,0,0,0,0,0,0,#DIV/0!,0,0,0,0,0%,0,0,0,0,0,0,0,0,0,0,0,0,0,0,0,0,0,0,0,0,0,0,0%,0,0,0,0,0,0,0,0,0,0,0,0,0,0,0,0,0
Daniel Amartey,18,Leicester-City,Defender,Ghana,25,46,17,19,1,0,1,0,0,0,0,0,0,0,0,0,0,8,53,1.15,68,62%,0,3,50,76,44,0,248,153,156,9,0.2,59,51,0,0,1,0.02,1469,31.93,0,0,6,17%,0,72,1.57,0,0,0,0,0,0,0,0,0,0,5,1,41,1
Ricardo Pereira,21,Leicester-City,Defender,Portugal,26,63,29,24,5,0,0,3,2,0,0,0,0,0,1,0,0,20,72,1.14,237,57%,3,13,109,180,93,0,387,557,459,128,2.03,108,123,0,0,8,0.13,3104,49.27,15,0.24,164,15%,7,102,1.62,0,0,0,0,0,0,0,0,0,0,8,0,86,2
Christian Fuchs,28,Leicester-City,Defender,Austria,34,107,48,32,2,0,0,1,1,0,0,0,0,0,1,0,0,29,127,1.19,255,77%,1,16,248,365,197,1,615,513,423,32,0.3,201,153,1,1,9,0.08,4051,37.86,11,0.1,325,23%,5,276,2.58,0,0,0,0,0,0,0,0,0,0,15,0,79,2
Luke Thomas,33,Leicester-City,Defender,England,19,3,1,2,0,0,0,0,0,0,0,0,0,0,0,0,0,1,4,1.33,1,1%,0,0,3,7,6,0,12,12,15,3,1,5,8,0,0,1,0.33,153,51,0,0,16,56%,0,6,2,0,0,0,0,0,0,0,0,0,0,0,0,1,0
Timothy Castagne,27,Leicester-City,Defender,Belgium,24,2,2,0,1,0,1,0,0,0,0,0,0,0,0,0,0,1,2,1,4,25%,0,0,3,3,1,0,8,11,6,1,0.5,6,5,0,0,1,0.5,128,64,0,0,6,6%,0,1,0.5,0,0,0,0,0,0,0,0,0,0,0,0,1,0
Virgil van Dijk,4,Liverpool,Defender,Netherlands,29,159,98,30,14,0,11,0,3,0,0,0,0,0,12,0,0,61,145,0.91,184,70%,4,27,278,924,528,2,837,1083,397,41,0.26,776,269,0,3,3,0.02,10554,66.38,13,0.08,3,33%,11,737,4.64,0,0,0,0,0,0,0,0,0,0,8,1,88,4
Joseph Gomez,12,Liverpool,Defender,England,23,73,52,6,0,0,0,0,0,0,0,0,0,0,0,0,0,31,49,0.67,111,74%,1,4,100,166,78,0,406,322,245,39,0.53,140,109,0,0,3,0.04,4387,60.1,2,0.03,68,24%,2,196,2.68,0,0,0,0,0,0,0,0,0,0,15,0,58,1
Andrew Robertson,26,Liverpool,Defender,Scotland,26,153,86,36,4,0,2,0,2,0,0,0,0,0,3,0,0,44,158,1.03,270,63%,4,19,191,282,114,3,880,522,466,109,0.71,92,97,0,1,33,0.22,8312,54.33,40,0.26,655,17%,8,324,2.12,0,0,0,0,0,0,0,0,0,0,20,0,80,11
Joel Matip,32,Liverpool,Defender,Cameroon,29,86,58,7,4,0,3,1,0,0,0,0,0,0,4,0,0,29,69,0.8,134,70%,0,10,125,362,205,1,419,428,201,21,0.24,233,94,0,2,0,0,5249,61.03,2,0.02,6,6%,6,258,3,0,0,0,0,0,0,0,0,0,0,9,0,52,1
Trent Alexander-Arnold,66,Liverpool,Defender,England,21,95,74,8,6,0,0,6,0,0,0,0,0,0,3,0,0,31,69,0.73,158,64%,1,27,114,184,64,1,546,264,319,57,0.6,31,73,0,1,26,0.27,5323,56.03,32,0.34,708,23%,11,394,4.15,0,0,0,0,0,0,0,0,0,0,11,0,50,10
Neco Williams,76,Liverpool,Defender,Wales,19,6,4,1,0,0,0,0,0,0,0,0,0,0,0,0,0,0,2,0.33,5,60%,0,5,9,3,1,0,16,19,15,6,1,6,3,0,0,0,0,167,27.83,0,0,14,29%,1,11,1.83,0,0,0,0,0,0,0,0,0,0,1,0,5,0
Konstantinos Tsimikas,21,Liverpool,Defender,Greece,24,0,0,0,0,0,0,0,0,0,0,0,0,0,0,0,#DIV/0!,0,0,0,0,0%,0,0,0,0,0,0,0,0,0,0,0,0,0,0,0,0,0,0,0,0,0,0,0%,0,0,0,0,0,0,0,0,0,0,0,0,0,0,0,0,0
Nathaniel Phillips,47,Liverpool,Defender,England,23,0,0,0,0,0,0,0,0,0,0,0,0,0,0,0,#DIV/0!,0,0,0,0,0%,0,0,0,0,0,0,0,0,0,0,0,0,0,0,0,0,0,0,0,0,0,0,0%,0,0,0,0,0,0,0,0,0,0,0,0,0,0,0,0,0
Sepp van den Berg,72,Liverpool,Defender,Netherlands,18,0,0,0,0,0,0,0,0,0,0,0,0,0,0,0,#DIV/0!,0,0,0,0,0%,0,0,0,0,0,0,0,0,0,0,0,0,0,0,0,0,0,0,0,0,0,0,0%,0,0,0,0,0,0,0,0,0,0,0,0,0,0,0,0,0
Nathan Aké,6,Manchester-City,Defender,Netherlands,25,147,52,67,12,0,6,1,5,0,0,0,0,0,4,0,0,30,221,1.5,255,63%,3,20,206,757,413,5,634,661,443,29,0.2,314,273,0,0,6,0.04,5634,38.33,9,0.06,61,20%,3,260,1.77,0,0,0,0,0,0,0,0,0,0,15,1,97,7
Kyle Walker,2,Manchester-City,Defender,England,30,293,183,50,7,0,0,6,1,0,0,0,0,0,3,0,0,99,270,0.92,600,76%,4,55,498,820,355,4,1592,1510,1104,239,0.82,446,292,2,6,29,0.1,15694,53.56,25,0.09,748,17%,29,900,3.07,0,0,0,0,0,0,0,0,0,0,45,1,239,22
John Stones,5,Manchester-City,Defender,England,26,163,90,39,1,0,1,0,0,0,0,0,0,0,1,0,0,43,161,0.99,180,74%,4,7,191,601,338,4,717,664,316,96,0.59,330,172,0,7,0,0,8950,54.91,5,0.03,18,28%,2,587,3.6,0,0,0,0,0,0,0,0,0,0,7,0,45,3
Oleksandr Zinchenko,11,Manchester-City,Defender,Ukraine,23,41,34,6,0,41,0,0,0,0,0,28,6,21%,0,0,0,0,0,0,88,63%,0,11,43,42,27,0,188,173,161,11,0.27,66,58,0,2,3,0.07,3066,74.78,5,0.12,101,20%,3,86,2.1,0,0,0,0,0,0,0,0,0,0,2,1,35,4
Aymeric Laporte,14,Manchester-City,Defender,France,26,59,50,6,4,0,4,0,0,0,0,0,0,0,0,0,0,25,31,0.53,63,52%,0,7,70,147,88,0,342,226,144,8,0.14,127,79,0,0,3,0.05,4957,84.02,1,0.02,8,13%,1,274,4.64,0,0,0,0,0,0,0,0,0,0,5,0,40,2
Benjamin Mendy,22,Manchester-City,Defender,France,26,37,29,3,0,0,0,0,0,0,0,0,0,0,1,0,0,11,21,0.57,40,75%,0,11,35,43,27,0,175,104,164,32,0.86,28,47,0,2,8,0.22,1999,54.03,7,0.19,176,23%,2,53,1.43,0,0,0,0,0,0,0,0,0,0,7,0,32,1
João Cancelo,27,Manchester-City,Defender,Portugal,26,17,12,4,0,0,0,0,0,0,0,0,0,0,0,0,0,5,11,0.65,40,60%,0,3,21,16,12,0,99,104,79,37,2.18,19,22,0,0,0,0,1010,59.41,6,0.35,47,15%,0,38,2.24,0,0,0,0,0,0,0,0,0,0,4,0,17,0
Nicolás Otamendi,30,Manchester-City,Defender,Argentina,32,136,94,22,8,0,5,3,0,0,0,0,0,0,2,0,0,49,116,0.85,269,68%,1,21,286,649,388,5,707,766,476,32,0.24,388,246,1,5,1,0.01,9366,68.87,3,0.02,7,14%,8,432,3.18,0,0,0,0,0,0,0,0,0,0,31,0,118,1
Eric García,50,Manchester-City,Defender,Spain,19,13,11,2,0,0,0,0,0,0,0,0,0,0,0,0,0,3,7,0.54,6,17%,0,0,18,31,14,0,38,25,34,6,0.46,11,20,0,0,0,0,728,56,0,0,1,100%,0,26,2,0,0,0,0,0,0,0,0,0,0,1,0,9,0
Victor Lindelöf,2,Manchester-United,Defender,Sweden,26,83,41,19,2,0,1,0,1,0,0,0,0,0,0,0,0,23,89,1.07,86,62%,1,5,63,311,161,0,461,319,191,16,0.19,188,117,2,1,1,0.01,4419,53.24,5,0.06,4,4%,3,172,2.07,0,0,0,0,0,0,0,0,0,0,8,0,53,0
Eric Bailly,3,Manchester-United,Defender,Cote D'Ivoire,26,54,35,7,1,0,0,1,0,0,0,0,0,0,1,0,0,21,35,0.65,92,67%,1,3,102,226,88,0,281,229,123,23,0.43,75,42,1,0,0,0,1682,31.15,0,0,2,2%,1,100,1.85,0,0,0,0,0,0,0,0,0,0,6,1,45,0
Phil Jones,4,Manchester-United,Defender,England,28,200,104,44,2,0,1,1,0,0,0,0,0,0,3,0,0,60,170,0.85,394,73%,11,19,404,1073,560,3,872,1051,608,75,0.38,407,237,2,1,6,0.03,7835,39.18,11,0.06,137,20%,13,485,2.43,0,0,0,0,0,0,0,0,0,0,27,0,155,3
Harry Maguire,5,Manchester-United,Defender,England,27,140,50,58,8,0,4,4,0,0,0,0,0,0,4,0,0,32,195,1.39,191,69%,3,23,233,639,396,0,871,895,433,107,0.76,494,202,0,1,7,0.05,7325,52.32,9,0.06,34,15%,6,646,4.61,0,0,0,0,0,0,0,0,0,0,26,1,117,17
Chris Smalling,12,Manchester-United,Defender,England,30,219,122,56,12,0,8,2,2,0,0,0,0,0,2,0,0,66,210,0.96,283,68%,8,32,360,1287,670,0,897,1082,629,59,0.27,645,324,4,3,2,0.01,8092,36.95,3,0.01,63,35%,7,517,2.36,0,0,0,0,0,0,0,0,0,0,18,1,192,14
Marcos Rojo,16,Manchester-United,Defender,Argentina,30,76,45,10,1,0,0,0,1,0,0,0,0,0,0,0,0,21,58,0.76,140,71%,0,14,130,383,213,0,358,351,264,26,0.34,154,113,1,1,1,0.01,3503,46.09,1,0.01,83,22%,2,238,3.13,0,0,0,0,0,0,0,0,0,0,23,0,81,2
Diogo Dalot,20,Manchester-United,Defender,Portugal,21,20,9,7,0,0,0,0,0,0,0,0,0,0,0,0,0,1,19,0.95,27,52%,0,5,12,31,13,0,58,65,37,11,0.55,25,6,0,0,2,0.1,474,23.7,5,0.25,53,26%,0,10,0.5,0,0,0,0,0,0,0,0,0,0,3,0,13,2
Luke Shaw,23,Manchester-United,Defender,England,25,157,68,39,1,0,0,0,1,0,0,0,0,0,2,0,0,43,141,0.9,275,73%,3,31,167,464,228,0,681,821,630,163,1.04,261,198,0,1,7,0.04,6663,42.44,14,0.09,425,21%,9,171,1.09,0,0,0,0,0,0,0,0,0,0,29,1,138,7
Timothy Fosu-Mensah,24,Manchester-United,Defender,Netherlands,22,49,17,23,0,0,0,0,0,0,0,0,0,0,0,0,0,5,51,1.04,80,69%,3,5,65,110,49,0,175,151,135,24,0.49,31,46,1,1,1,0.02,1316,26.86,2,0.04,40,23%,2,59,1.2,0,0,0,0,0,0,0,0,0,0,8,0,36,2
Aaron Wan-Bissaka,29,Manchester-United,Defender,England,22,77,32,26,0,0,0,0,0,0,0,0,0,0,0,0,0,25,89,1.16,287,66%,0,7,165,221,100,1,423,529,300,128,1.66,76,75,0,0,7,0.09,3019,39.21,8,0.1,179,17%,3,72,0.94,0,0,0,0,0,0,0,0,0,0,13,1,46,3
Axel Tuanzebe,38,Manchester-United,Defender,England,22,10,4,3,0,0,0,0,0,0,0,0,0,0,0,0,0,1,7,0.7,11,64%,0,1,12,12,9,0,28,24,37,1,0.1,5,17,0,1,0,0,279,27.9,0,0,1,1%,0,6,0.6,0,0,0,0,0,0,0,0,0,0,0,0,9,0
Brandon Williams,33,Manchester-United,Defender,England,20,17,8,3,1,0,0,1,0,0,0,0,0,0,0,0,0,4,11,0.65,21,71%,0,1,16,14,10,0,68,62,53,16,0.94,10,9,0,0,0,0,551,32.41,0,0,12,25%,1,16,0.94,0,0,0,0,0,0,0,0,0,0,6,0,13,1
Teden Mengi,71,Manchester-United,Defender,England,18,0,0,0,0,0,0,0,0,0,0,0,0,0,0,0,#DIV/0!,0,0,0,0,0%,0,0,0,0,0,0,0,0,0,0,0,0,0,0,0,0,0,0,0,0,0,0,0%,0,0,0,0,0,0,0,0,0,0,0,0,0,0,0,0,0
Ciaran Clark,2,Newcastle-United,Defender,Ireland,30,179,45,85,14,0,11,0,3,0,0,0,0,0,3,0,0,29,270,1.51,306,74%,5,18,304,1256,580,5,683,872,605,48,0.27,420,305,0,4,5,0.03,5675,31.7,10,0.06,41,20%,2,371,2.07,0,0,0,0,0,0,0,0,0,0,47,2,171,2
Paul Dummett,3,Newcastle-United,Defender,Wales,28,128,42,56,2,0,0,0,2,0,0,0,0,0,1,0,0,27,151,1.18,216,75%,1,10,177,606,348,1,387,590,345,21,0.16,305,199,2,2,0,0,3814,29.8,4,0.03,202,19%,1,229,1.79,0,0,0,0,0,0,0,0,0,0,12,1,58,1
Fabian Schar,5,Newcastle-United,Defender,Switzerland,28,46,17,21,6,0,1,3,2,0,0,0,0,0,0,0,0,11,60,1.3,99,61%,0,7,114,209,106,2,225,268,229,30,0.65,99,99,0,2,1,0.02,1755,38.15,1,0.02,29,10%,5,228,4.96,0,0,0,0,0,0,0,0,0,0,17,0,57,3
Jamaal Lascelles,6,Newcastle-United,Defender,England,26,109,34,48,6,0,6,0,0,0,0,0,0,0,0,0,0,30,123,1.13,90,54%,5,3,123,645,364,2,546,489,275,15,0.14,343,171,0,4,1,0.01,3699,33.94,2,0.02,5,5%,2,237,2.17,0,0,0,0,0,0,0,0,0,0,16,1,69,3
Emil Krafth,17,Newcastle-United,Defender,Sweden,26,17,5,8,0,0,0,0,0,0,0,0,0,0,0,0,0,2,23,1.35,18,67%,0,1,8,40,22,0,43,36,28,4,0.24,8,9,0,0,1,0.06,329,19.35,1,0.06,20,5%,0,10,0.59,0,0,0,0,0,0,0,0,0,0,0,0,4,0
Federico Fernández,18,Newcastle-United,Defender,Argentina,31,170,55,72,4,0,2,1,0,0,0,0,0,0,2,0,0,43,235,1.38,254,73%,0,13,305,1070,633,0,756,777,578,24,0.14,399,295,4,3,7,0.04,7218,42.46,5,0.03,48,19%,2,523,3.08,0,0,0,0,0,0,0,0,0,0,25,0,135,8
Javier Manquillo,19,Newcastle-United,Defender,Spain,26,92,25,45,1,0,0,1,0,0,0,0,0,0,0,0,0,18,109,1.18,171,67%,0,2,100,221,95,0,310,359,299,47,0.51,88,85,0,0,5,0.05,2235,24.29,4,0.04,168,14%,1,79,0.86,0,0,0,0,0,0,0,0,0,0,15,0,72,11
DeAndre Yedlin,22,Newcastle-United,Defender,United States,27,103,29,48,2,0,1,1,0,0,0,0,0,0,0,0,0,19,121,1.17,169,64%,2,5,107,269,110,3,385,398,390,60,0.58,109,134,2,0,5,0.05,2500,24.27,6,0.06,219,23%,3,90,0.87,0,0,0,0,0,0,0,0,0,0,16,1,102,15
Jamal Lewis,15,Newcastle-United,Defender,Northern Ireland,22,30,4,24,1,0,0,0,1,0,0,0,0,0,0,0,0,3,59,1.97,53,70%,0,2,27,57,20,0,150,122,107,34,1.13,9,24,0,0,0,0,1101,36.7,1,0.03,48,25%,1,33,1.1,0,0,0,0,0,0,0,0,0,0,5,0,16,2
George Baldock,2,Sheffield-United,Defender,England,27,40,14,14,2,0,0,2,0,0,0,0,0,0,0,0,0,13,42,1.05,64,69%,0,4,36,70,36,0,177,192,182,42,1.05,41,60,0,1,3,0.08,1178,29.45,3,0.08,136,27%,0,22,0.55,0,0,0,0,0,0,0,0,0,0,7,0,52,11
Enda Stevens,3,Sheffield-United,Defender,Ireland,30,47,16,17,2,0,1,0,1,0,0,0,0,0,0,0,0,13,52,1.11,98,57%,0,7,48,96,35,0,253,228,219,67,1.43,39,38,0,2,4,0.09,1670,35.53,9,0.19,135,18%,2,82,1.74,0,0,0,0,0,0,0,0,0,0,8,0,46,2
Jack O'Connell,5,Sheffield-United,Defender,England,26,35,13,11,0,0,0,0,0,0,0,0,0,0,0,0,0,12,31,0.89,26,58%,1,3,44,151,80,0,192,190,124,9,0.26,140,76,0,1,1,0.03,1634,46.69,6,0.17,52,21%,1,129,3.69,0,0,0,0,0,0,0,0,0,0,4,0,22,3
Chris Basham,6,Sheffield-United,Defender,England,32,61,20,24,1,0,0,1,0,0,0,0,0,0,0,0,0,12,52,0.85,126,62%,0,0,93,215,117,0,246,324,191,30,0.49,129,77,0,1,3,0.05,1656,27.15,2,0.03,65,12%,0,97,1.59,0,0,0,0,0,0,0,0,0,0,5,0,39,5
John Egan,12,Sheffield-United,Defender,Ireland,27,38,14,13,2,0,1,1,0,0,0,0,0,0,0,0,0,12,32,0.84,46,61%,1,14,58,168,79,0,181,204,133,1,0.03,138,80,0,1,0,0,1340,35.26,1,0.03,3,3%,0,114,3,0,0,0,0,0,0,0,0,0,0,4,2,37,1
Jack Robinson,19,Sheffield-United,Defender,England,27,9,2,3,0,0,0,0,0,0,0,0,0,0,0,0,0,1,12,1.33,14,43%,0,0,10,28,7,0,37,35,21,3,0.33,14,10,0,0,0,0,291,32.33,0,0,7,14%,0,15,1.67,0,0,0,0,0,0,0,0,0,0,1,0,5,1
Kean Bryan,29,Sheffield-United,Defender,England,23,0,0,0,0,0,0,0,0,0,0,0,0,0,0,0,#DIV/0!,0,0,0,0,0%,0,0,0,0,0,0,0,0,0,0,0,0,0,0,0,0,0,0,0,0,0,0,0%,0,0,0,0,0,0,0,0,0,0,0,0,0,0,0,0,0
Phil Jagielka,15,Sheffield-United,Defender,England,38,366,147,111,18,0,10,8,0,0,0,0,0,0,7,0,0,107,405,1.11,703,76%,24,39,618,2974,1075,10,1626,1842,928,35,0.1,783,495,6,6,9,0.02,14775,40.37,8,0.02,131,30%,11,1830,5,0,0,0,0,0,0,0,0,0,0,23,2,159,3
Max Lowe,13,Sheffield-United,Defender,England,23,0,0,0,0,0,0,0,0,0,0,0,0,0,0,0,#DIV/0!,0,0,0,0,0%,0,0,0,0,0,0,0,0,0,0,0,0,0,0,0,0,0,0,0,0,0,0,0%,0,0,0,0,0,0,0,0,0,0,0,0,0,0,0,0,0
Ethan Ampadu,22,Sheffield-United,Defender,Wales,20,2,1,1,0,0,0,0,0,0,0,0,0,0,0,0,0,0,2,1,2,100%,0,0,0,9,6,0,1,4,3,1,0.5,1,3,0,0,0,0,28,14,0,0,0,0%,0,1,0.5,0,0,0,0,0,0,0,0,0,0,0,0,0,0
Jayden Bogle,20,Sheffield-United,Defender,England,20,0,0,0,0,0,0,0,0,0,0,0,0,0,0,0,#DIV/0!,0,0,0,0,0%,0,0,0,0,0,0,0,0,0,0,0,0,0,0,0,0,0,0,0,0,0,0,0%,0,0,0,0,0,0,0,0,0,0,0,0,0,0,0,0,0
Jannik Vestergaard,4,Southampton,Defender,Denmark,28,43,14,20,1,0,1,0,0,0,0,0,0,0,1,0,0,8,57,1.33,74,64%,0,5,62,273,155,0,208,280,150,14,0.33,169,82,0,1,0,0,1709,39.74,3,0.07,2,50%,3,98,2.28,0,0,0,0,0,0,0,0,0,0,5,0,27,1
Jack Stephens,5,Southampton,Defender,England,26,93,25,40,4,0,2,1,1,0,0,0,0,0,1,0,0,21,136,1.46,123,63%,3,4,136,396,204,0,513,381,324,37,0.4,185,183,0,1,4,0.04,3850,41.4,3,0.03,20,10%,5,237,2.55,0,0,0,0,0,0,0,0,0,0,16,2,55,3
Ryan Bertrand,3,Southampton,Defender,England,31,231,83,95,7,0,1,2,4,0,0,0,0,0,3,0,0,59,299,1.29,338,68%,1,34,331,396,185,4,897,987,897,104,0.45,322,317,0,0,15,0.06,8783,38.02,29,0.13,817,21%,9,309,1.34,0,0,0,0,0,0,0,0,0,0,31,2,211,10
Jake Vokins,29,Southampton,Defender,England,20,1,0,0,0,0,0,0,0,0,0,0,0,0,0,0,0,0,1,1,2,100%,0,0,0,1,0,0,1,3,2,0,0,0,0,0,0,0,0,58,58,0,0,1,1%,0,3,3,0,0,0,0,0,0,0,0,0,0,0,0,0,0
Jan Bednarek,35,Southampton,Defender,Poland,24,66,22,29,2,0,0,1,1,0,0,0,0,0,0,0,0,11,105,1.59,113,58%,2,3,154,390,186,2,327,351,239,4,0.06,217,125,1,3,2,0.03,2655,40.23,2,0.03,2,2%,3,140,2.12,0,0,0,0,0,0,0,0,0,0,12,0,58,0
Yan Valery,18,Southampton,Defender,France,21,34,11,15,2,0,0,1,1,0,0,0,0,0,0,0,0,3,49,1.44,62,69%,0,2,35,86,29,0,121,176,202,38,1.12,62,71,0,3,1,0.03,621,18.26,2,0.06,66,14%,1,20,0.59,0,0,0,0,0,0,0,0,0,0,4,1,34,5
Kyle Walker-Peters,2,Southampton,Defender,England,23,24,13,6,0,0,0,0,0,0,0,0,0,0,0,0,0,5,26,1.08,41,66%,1,2,28,36,16,0,116,137,101,37,1.54,17,37,0,0,6,0.25,925,38.54,5,0.21,38,21%,0,22,0.92,0,0,0,0,0,0,0,0,0,0,3,0,14,3
Mohammed Salisu,22,Southampton,Defender,Ghana,21,0,0,0,0,0,0,0,0,0,0,0,0,0,0,0,#DIV/0!,0,0,0,0,0%,0,0,0,0,0,0,0,0,0,0,0,0,0,0,0,0,0,0,0,0,0,0,0%,0,0,0,0,0,0,0,0,0,0,0,0,0,0,0,0,0
Toby Alderweireld,4,Tottenham-Hotspur,Defender,Belgium,31,176,98,42,8,0,5,2,1,0,0,0,0,0,3,0,0,60,158,0.9,226,74%,2,27,183,976,462,4,824,556,442,26,0.15,282,266,2,1,4,0.02,10036,57.02,5,0.03,57,28%,22,1081,6.14,0,0,0,0,0,0,0,0,0,0,20,0,68,3
Davinson Sánchez,6,Tottenham-Hotspur,Defender,Colombia,24,84,46,21,1,0,1,0,0,0,0,0,0,0,0,0,0,23,81,0.96,122,59%,3,5,102,384,193,0,430,379,305,18,0.21,199,159,1,1,1,0.01,4901,58.35,1,0.01,5,20%,0,249,2.96,0,0,0,0,0,0,0,0,0,0,9,1,73,1
Juan Foyth,21,Tottenham-Hotspur,Defender,Argentina,22,16,8,5,1,0,1,0,0,0,0,0,0,0,0,0,0,3,14,0.88,38,53%,1,0,11,50,28,0,62,96,59,21,1.31,28,20,0,2,0,0,642,40.12,2,0.13,2,2%,1,23,1.44,0,0,0,0,0,0,0,0,0,0,4,1,18,0
Serge Aurier,24,Tottenham-Hotspur,Defender,Cote D'Ivoire,27,58,32,13,3,0,1,1,1,0,0,0,0,0,0,0,0,12,53,0.91,162,67%,1,10,85,149,93,0,285,394,328,62,1.07,130,108,1,1,9,0.16,2326,40.1,11,0.19,229,14%,1,64,1.1,0,0,0,0,0,0,0,0,0,0,4,2,79,9
Ben Davies,33,Tottenham-Hotspur,Defender,Wales,27,201,96,59,6,0,0,1,5,0,0,0,0,0,2,0,0,51,203,1.01,390,69%,2,32,263,625,310,1,689,957,842,79,0.39,343,346,0,0,15,0.07,8593,42.75,20,0.1,587,22%,5,327,1.63,0,0,0,0,0,0,0,0,0,0,26,0,162,4
Japhet Tanganga,25,Tottenham-Hotspur,Defender,England,21,6,1,3,0,0,0,0,0,0,0,0,0,0,0,0,0,2,7,1.17,17,53%,0,1,11,29,21,1,27,45,32,6,1,18,11,0,1,0,0,201,33.5,0,0,2,2%,0,6,1,0,0,0,0,0,0,0,0,0,0,1,0,8,0
Matt Doherty,2,Tottenham-Hotspur,Defender,Ireland,28,77,32,22,8,0,3,1,4,0,0,0,0,0,2,0,0,19,75,0.97,128,59%,1,16,103,137,96,1,333,508,388,50,0.65,288,205,1,0,8,0.1,2970,38.57,11,0.14,108,19%,4,103,1.34,0,0,0,0,0,0,0,0,0,0,7,0,63,6
Dennis Cirkin,49,Tottenham-Hotspur,Defender,England,18,0,0,0,0,0,0,0,0,0,0,0,0,0,0,0,#DIV/0!,0,0,0,0,0%,0,0,0,0,0,0,0,0,0,0,0,0,0,0,0,0,0,0,0,0,0,0,0%,0,0,0,0,0,0,0,0,0,0,0,0,0,0,0,0,0
Cameron Carter-Vickers,0,Tottenham-Hotspur,Defender,United States,22,0,0,0,0,0,0,0,0,0,0,0,0,0,0,0,#DIV/0!,0,0,0,0,0%,0,0,0,0,0,0,0,0,0,0,0,0,0,0,0,0,0,0,0,0,0,0,0%,0,0,0,0,0,0,0,0,0,0,0,0,0,0,0,0,0
Sergio Reguilon,3,Tottenham-Hotspur,Defender,Spain,23,0,0,0,0,0,0,0,0,0,0,0,0,0,0,0,#DIV/0!,0,0,0,0,0%,0,0,0,0,0,0,0,0,0,0,0,0,0,0,0,0,0,0,0,0,0,0,0%,0,0,0,0,0,0,0,0,0,0,0,0,0,0,0,0,0
Darnell Furlong,2,West-Bromwich-Albion,Defender,England,24,5,0,5,0,0,0,0,0,0,0,0,0,0,0,0,0,0,13,2.6,3,100%,0,1,9,12,7,0,11,27,23,3,0.6,15,9,0,0,0,0,117,23.4,0,0,12,25%,0,8,1.6,0,0,0,0,0,0,0,0,0,0,1,0,5,1
Kieran Gibbs,3,West-Bromwich-Albion,Defender,England,30,172,88,40,2,0,0,0,2,0,0,0,0,0,1,0,0,35,154,0.9,332,68%,3,20,307,496,243,3,715,757,640,127,0.74,239,260,1,1,9,0.05,6012,34.95,13,0.08,429,19%,11,162,0.94,0,0,0,0,0,0,0,0,0,0,17,2,112,13
Kyle Bartley,5,West-Bromwich-Albion,Defender,England,29,23,6,11,0,0,0,0,0,0,0,0,0,0,0,0,0,1,35,1.52,32,72%,1,2,26,115,63,1,59,95,50,5,0.22,46,22,0,1,0,0,776,33.74,0,0,3,3%,0,44,1.91,0,0,0,0,0,0,0,0,0,0,6,0,22,2
Semi Ajayi,6,West-Bromwich-Albion,Defender,Nigeria,26,2,0,2,0,0,0,0,0,0,0,0,0,0,0,0,0,0,8,4,0,0%,0,0,2,3,2,0,9,1,7,0,0,1,0,0,0,0,0,54,27,0,0,0,0%,0,5,2.5,0,0,0,0,0,0,0,0,0,0,1,0,2,0
Conor Townsend,14,West-Bromwich-Albion,Defender,England,27,0,0,0,0,0,0,0,0,0,0,0,0,0,0,0,#DIV/0!,0,0,0,0,0%,0,0,0,0,0,0,0,0,0,0,0,0,0,0,0,0,0,0,0,0,0,0,0%,0,0,0,0,0,0,0,0,0,0,0,0,0,0,0,0,0
Ahmed Hegazi,26,West-Bromwich-Albion,Defender,Egypt,29,38,6,19,2,0,2,0,0,0,0,0,0,0,0,0,0,10,55,1.45,58,66%,0,0,60,270,152,1,183,192,145,22,0.58,103,84,0,1,0,0,1186,31.21,0,0,10,30%,1,135,3.55,0,0,0,0,0,0,0,0,0,0,4,0,24,2
Dara O'Shea,27,West-Bromwich-Albion,Defender,Ireland,21,2,0,2,0,0,0,0,0,0,0,0,0,0,0,0,0,0,8,4,8,38%,0,0,1,6,5,0,11,12,7,0,0,3,3,0,0,0,0,79,39.5,0,0,0,0%,0,13,6.5,0,0,0,0,0,0,0,0,0,0,0,0,2,0
Cédric Kipré,24,West-Bromwich-Albion,Defender,Cote D'Ivoire,23,0,0,0,0,0,0,0,0,0,0,0,0,0,0,0,#DIV/0!,0,0,0,0,0%,0,0,0,0,0,0,0,0,0,0,0,0,0,0,0,0,0,0,0,0,0,0,0%,0,0,0,0,0,0,0,0,0,0,0,0,0,0,0,0,0
Lee Peltier,22,West-Bromwich-Albion,Defender,England,33,20,7,12,0,0,0,0,0,0,0,0,0,0,0,0,0,5,26,1.3,39,64%,0,0,18,53,29,1,70,78,54,3,0.15,30,26,0,0,0,0,342,17.1,0,0,6,50%,0,21,1.05,0,0,0,0,0,0,0,0,0,0,4,0,15,0
Branislav Ivanovic,20,West-Bromwich-Albion,Defender,Serbia,36,261,152,50,22,0,7,13,2,0,0,0,0,0,8,0,0,86,236,0.9,528,81%,6,40,393,1137,533,5,1154,1427,915,106,0.41,587,325,0,2,20,0.08,9871,37.82,20,0.08,520,20%,12,660,2.53,0,0,0,0,0,0,0,0,0,0,55,2,293,18
Aaron Cresswell,3,West-Ham-United,Defender,England,30,190,61,75,8,0,0,1,7,0,0,0,0,0,5,0,0,40,273,1.44,212,62%,1,28,230,515,256,5,855,645,584,60,0.32,260,208,0,6,18,0.09,6957,36.62,27,0.14,752,21%,6,506,2.66,0,0,0,0,0,0,0,0,0,0,23,1,88,18
Fabián Balbuena,4,West-Ham-United,Defender,Paraguay,29,40,15,19,2,0,0,2,0,0,0,0,0,0,1,0,0,8,56,1.4,57,56%,1,5,79,243,125,0,167,188,165,3,0.08,124,99,0,2,0,0,1335,33.38,1,0.03,2,2%,2,86,2.15,0,0,0,0,0,0,0,0,0,0,4,0,25,0
Gonçalo Cardoso,29,West-Ham-United,Defender,Portugal,19,0,0,0,0,0,0,0,0,0,0,0,0,0,0,0,#DIV/0!,0,0,0,0,0%,0,0,0,0,0,0,0,0,0,0,0,0,0,0,0,0,0,0,0,0,0,0,0%,0,0,0,0,0,0,0,0,0,0,0,0,0,0,0,0,0
Angelo Ogbonna,21,West-Ham-United,Defender,Italy,32,137,47,53,4,0,2,0,1,0,0,0,0,0,1,0,0,28,207,1.51,171,68%,1,10,208,689,367,0,585,626,377,27,0.2,373,227,1,2,1,0.01,4633,33.82,2,0.01,9,56%,3,342,2.5,0,0,0,0,0,0,0,0,0,0,16,0,88,1
Issa Diop,23,West-Ham-United,Defender,France,23,67,23,29,4,0,3,1,0,0,0,0,0,0,0,0,0,11,101,1.51,97,56%,1,2,114,326,157,0,330,291,176,11,0.16,157,90,1,2,1,0.01,2212,33.01,3,0.04,1,1%,0,107,1.6,0,0,0,0,0,0,0,0,0,0,12,0,49,4
Ryan Fredericks,24,West-Ham-United,Defender,England,27,44,13,22,1,0,0,1,0,0,0,0,0,0,0,0,0,9,59,1.34,122,66%,1,4,41,109,54,2,170,234,169,23,0.52,59,52,0,1,4,0.09,1358,30.86,5,0.11,89,25%,0,47,1.07,0,0,0,0,0,0,0,0,0,0,14,0,38,2
Arthur Masuaku,26,West-Ham-United,Defender,The Democratic Republic Of Congo,26,81,26,33,0,0,0,0,0,0,0,0,0,0,0,0,0,12,102,1.26,196,59%,0,5,102,140,69,0,458,506,419,180,2.22,74,70,0,0,6,0.07,2578,31.83,7,0.09,197,16%,4,128,1.58,0,0,0,0,0,0,0,0,0,0,12,1,72,2
Ben Johnson,31,West-Ham-United,Defender,England,20,4,1,1,0,4,0,0,0,0,0,1,0,1%,0,0,0,0,0,0,9,44%,0,0,4,13,3,0,13,18,20,1,0.25,7,5,0,0,0,0,135,33.75,0,0,11,18%,0,6,1.5,0,0,0,0,0,0,0,0,0,0,0,0,8,0
Ajibola Alese,42,West-Ham-United,Defender,England,19,0,0,0,0,0,0,0,0,0,0,0,0,0,0,0,#DIV/0!,0,0,0,0,0%,0,0,0,0,0,0,0,0,0,0,0,0,0,0,0,0,0,0,0,0,0,0,0%,0,0,0,0,0,0,0,0,0,0,0,0,0,0,0,0,0
Harrison Ashby,50,West-Ham-United,Defender,Scotland,18,0,0,0,0,0,0,0,0,0,0,0,0,0,0,0,#DIV/0!,0,0,0,0,0%,0,0,0,0,0,0,0,0,0,0,0,0,0,0,0,0,0,0,0,0,0,0,0%,0,0,0,0,0,0,0,0,0,0,0,0,0,0,0,0,0
Willy Boly,15,Wolverhampton-Wanderers,Defender,France,29,60,24,18,4,0,3,0,0,0,0,0,0,0,0,0,0,20,59,0.98,147,61%,1,6,116,285,176,0,336,425,214,22,0.37,234,95,0,0,1,0.02,2779,46.32,5,0.08,2,2%,2,129,2.15,0,0,0,0,0,0,0,0,0,0,3,2,55,4
Conor Coady,16,Wolverhampton-Wanderers,Defender,England,27,79,33,23,0,0,0,0,0,0,0,0,0,0,0,0,0,23,89,1.13,71,63%,3,0,62,251,128,2,504,160,116,7,0.09,68,50,3,2,0,0,3617,45.78,2,0.03,0,0%,7,545,6.9,0,0,0,0,0,0,0,0,0,0,10,0,28,0
Jonny,19,Wolverhampton-Wanderers,Defender,Spain,26,68,27,19,3,0,0,3,0,0,0,0,0,0,1,0,0,14,74,1.09,170,58%,0,18,113,82,35,0,329,367,382,62,0.91,74,102,0,2,3,0.04,2162,31.79,3,0.04,100,18%,2,53,0.78,0,0,0,0,0,0,0,0,0,0,10,0,57,7
Ruben Vinagre,29,Wolverhampton-Wanderers,Defender,Portugal,21,34,14,10,0,0,0,0,0,0,0,0,0,0,0,0,0,2,18,0.53,40,60%,0,2,26,31,14,0,102,107,116,35,1.03,16,28,0,0,0,0,556,16.35,3,0.09,83,19%,1,14,0.41,0,0,0,0,0,0,0,0,0,0,2,0,19,1
Maximilian Kilman,49,Wolverhampton-Wanderers,Defender,England,23,4,2,1,0,0,0,0,0,0,0,0,0,0,0,0,0,0,2,0.5,4,50%,0,0,4,7,3,0,9,17,11,1,0.25,12,10,0,0,0,0,101,25.25,0,0,0,0%,0,2,0.5,0,0,0,0,0,0,0,0,0,0,0,0,2,0
Oskar Buur,59,Wolverhampton-Wanderers,Defender,Denmark,22,1,1,0,0,0,0,0,0,0,0,0,0,0,0,0,0,0,0,0,0,0%,0,0,0,0,0,0,0,1,3,0,0,1,0,0,0,0,0,14,14,0,0,0,0%,0,0,0,0,0,0,0,0,0,0,0,0,0,0,0,0,0
Maral,5,Wolverhampton-Wanderers,Defender,Brazil,31,2,1,1,0,0,0,0,0,0,0,0,0,0,0,0,0,1,0,0,2,50%,0,0,2,3,2,0,4,11,5,2,1,6,3,0,0,0,0,37,18.5,0,0,1,1%,0,2,1,0,0,0,0,0,0,0,0,0,0,1,0,1,0
Ki-Jana Hoever,2,Wolverhampton-Wanderers,Defender,Netherlands,18,0,0,0,0,0,0,0,0,0,0,0,0,0,0,0,#DIV/0!,0,0,0,0,0%,0,0,0,0,0,0,0,0,0,0,0,0,0,0,0,0,0,0,0,0,0,0,0%,0,0,0,0,0,0,0,0,0,0,0,0,0,0,0,0,0
